{"cameraMode":{"drawMode":0,"name":"Shaded","section":"Shading Mode"},"sceneLighting":true,"audioPlay":false,"sceneViewState":{"showFog":true,"showMaterialUpdate":false,"showSkybox":true,"showFlares":true,"showImageEffects":true,"showParticleSystems":true},"in2DMode":false,"pivot":{"x":0.2223185896873474,"y":0.1797010898590088,"z":-0.07255801558494568},"rotation":{"x":0.24394936859607697,"y":0.7054489254951477,"z":-0.2865312099456787,"w":0.6006082892417908},"size":1.5019168853759766,"orthographic":false}